-- phpMyAdmin SQL Dump
-- version 5.2.0
-- https://www.phpmyadmin.net/
--
-- Host: localhost:3306
-- Generation Time: Jan 21, 2024 at 08:11 PM
-- Server version: 8.0.30
-- PHP Version: 8.1.10

SET SQL_MODE = "NO_AUTO_VALUE_ON_ZERO";
START TRANSACTION;
SET time_zone = "+00:00";


/*!40101 SET @OLD_CHARACTER_SET_CLIENT=@@CHARACTER_SET_CLIENT */;
/*!40101 SET @OLD_CHARACTER_SET_RESULTS=@@CHARACTER_SET_RESULTS */;
/*!40101 SET @OLD_COLLATION_CONNECTION=@@COLLATION_CONNECTION */;
/*!40101 SET NAMES utf8mb4 */;

--
-- Database: `gerastore`
--

-- --------------------------------------------------------

--
-- Table structure for table `carts`
--

CREATE TABLE `carts` (
  `id` bigint UNSIGNED NOT NULL,
  `user_id` bigint UNSIGNED NOT NULL,
  `variation_id` bigint UNSIGNED NOT NULL,
  `quantity` int NOT NULL DEFAULT '1',
  `price` bigint NOT NULL,
  `placed_at` datetime DEFAULT NULL,
  `created_at` timestamp NULL DEFAULT NULL,
  `updated_at` timestamp NULL DEFAULT NULL
) ENGINE=InnoDB DEFAULT CHARSET=utf8mb4 COLLATE=utf8mb4_unicode_ci;

--
-- Dumping data for table `carts`
--

INSERT INTO `carts` (`id`, `user_id`, `variation_id`, `quantity`, `price`, `placed_at`, `created_at`, `updated_at`) VALUES
(4, 1, 48, 2, 15000, NULL, '2024-01-20 10:34:59', '2024-01-21 08:41:46'),
(5, 1, 47, 1, 15000, NULL, '2024-01-21 08:41:53', '2024-01-21 08:41:53');

-- --------------------------------------------------------

--
-- Table structure for table `categories`
--

CREATE TABLE `categories` (
  `id` bigint UNSIGNED NOT NULL,
  `name` varchar(50) CHARACTER SET utf8mb4 COLLATE utf8mb4_unicode_ci NOT NULL,
  `slug` varchar(50) CHARACTER SET utf8mb4 COLLATE utf8mb4_unicode_ci NOT NULL COMMENT 'SEO friendly URL',
  `created_at` timestamp NULL DEFAULT NULL,
  `updated_at` timestamp NULL DEFAULT NULL
) ENGINE=InnoDB DEFAULT CHARSET=utf8mb4 COLLATE=utf8mb4_unicode_ci;

--
-- Dumping data for table `categories`
--

INSERT INTO `categories` (`id`, `name`, `slug`, `created_at`, `updated_at`) VALUES
(1, 'Parfume', 'parfume', '2024-01-15 11:58:06', '2024-01-15 11:58:06'),
(2, 'Food', 'food', '2024-01-15 11:58:06', '2024-01-15 11:58:06'),
(3, 'Drinks', 'drinks', '2024-01-15 11:58:06', '2024-01-15 11:58:06'),
(4, 'Snacks', 'snacks', '2024-01-15 11:58:06', '2024-01-15 11:58:06'),
(5, 'Clothes', 'clothes', '2024-01-15 11:58:06', '2024-01-15 11:58:06'),
(6, 'Shoes', 'shoes', '2024-01-15 11:58:06', '2024-01-15 11:58:06'),
(7, 'Accessories', 'accessories', '2024-01-15 11:58:06', '2024-01-15 11:58:06'),
(8, 'Electronics', 'electronics', '2024-01-15 11:58:06', '2024-01-15 11:58:06'),
(9, 'Books', 'books', '2024-01-15 11:58:06', '2024-01-15 11:58:06');

-- --------------------------------------------------------

--
-- Table structure for table `cities`
--

CREATE TABLE `cities` (
  `id` bigint UNSIGNED NOT NULL,
  `province_id` bigint UNSIGNED NOT NULL,
  `name` varchar(64) COLLATE utf8mb4_unicode_ci NOT NULL,
  `type` varchar(16) COLLATE utf8mb4_unicode_ci NOT NULL,
  `postal_code` varchar(12) COLLATE utf8mb4_unicode_ci DEFAULT NULL
) ENGINE=InnoDB DEFAULT CHARSET=utf8mb4 COLLATE=utf8mb4_unicode_ci;

--
-- Dumping data for table `cities`
--

INSERT INTO `cities` (`id`, `province_id`, `name`, `type`, `postal_code`) VALUES
(1, 21, 'Aceh Barat', 'Kabupaten', '23681'),
(2, 21, 'Aceh Barat Daya', 'Kabupaten', '23764'),
(3, 21, 'Aceh Besar', 'Kabupaten', '23951'),
(4, 21, 'Aceh Jaya', 'Kabupaten', '23654'),
(5, 21, 'Aceh Selatan', 'Kabupaten', '23719'),
(6, 21, 'Aceh Singkil', 'Kabupaten', '24785'),
(7, 21, 'Aceh Tamiang', 'Kabupaten', '24476'),
(8, 21, 'Aceh Tengah', 'Kabupaten', '24511'),
(9, 21, 'Aceh Tenggara', 'Kabupaten', '24611'),
(10, 21, 'Aceh Timur', 'Kabupaten', '24454'),
(11, 21, 'Aceh Utara', 'Kabupaten', '24382'),
(12, 32, 'Agam', 'Kabupaten', '26411'),
(13, 23, 'Alor', 'Kabupaten', '85811'),
(14, 19, 'Ambon', 'Kota', '97222'),
(15, 34, 'Asahan', 'Kabupaten', '21214'),
(16, 24, 'Asmat', 'Kabupaten', '99777'),
(17, 1, 'Badung', 'Kabupaten', '80351'),
(18, 13, 'Balangan', 'Kabupaten', '71611'),
(19, 15, 'Balikpapan', 'Kota', '76111'),
(20, 21, 'Banda Aceh', 'Kota', '23238'),
(21, 18, 'Bandar Lampung', 'Kota', '35139'),
(22, 9, 'Bandung', 'Kabupaten', '40311'),
(23, 9, 'Bandung', 'Kota', '40111'),
(24, 9, 'Bandung Barat', 'Kabupaten', '40721'),
(25, 29, 'Banggai', 'Kabupaten', '94711'),
(26, 29, 'Banggai Kepulauan', 'Kabupaten', '94881'),
(27, 2, 'Bangka', 'Kabupaten', '33212'),
(28, 2, 'Bangka Barat', 'Kabupaten', '33315'),
(29, 2, 'Bangka Selatan', 'Kabupaten', '33719'),
(30, 2, 'Bangka Tengah', 'Kabupaten', '33613'),
(31, 11, 'Bangkalan', 'Kabupaten', '69118'),
(32, 1, 'Bangli', 'Kabupaten', '80619'),
(33, 13, 'Banjar', 'Kabupaten', '70619'),
(34, 9, 'Banjar', 'Kota', '46311'),
(35, 13, 'Banjarbaru', 'Kota', '70712'),
(36, 13, 'Banjarmasin', 'Kota', '70117'),
(37, 10, 'Banjarnegara', 'Kabupaten', '53419'),
(38, 28, 'Bantaeng', 'Kabupaten', '92411'),
(39, 5, 'Bantul', 'Kabupaten', '55715'),
(40, 33, 'Banyuasin', 'Kabupaten', '30911'),
(41, 10, 'Banyumas', 'Kabupaten', '53114'),
(42, 11, 'Banyuwangi', 'Kabupaten', '68416'),
(43, 13, 'Barito Kuala', 'Kabupaten', '70511'),
(44, 14, 'Barito Selatan', 'Kabupaten', '73711'),
(45, 14, 'Barito Timur', 'Kabupaten', '73671'),
(46, 14, 'Barito Utara', 'Kabupaten', '73881'),
(47, 28, 'Barru', 'Kabupaten', '90719'),
(48, 17, 'Batam', 'Kota', '29413'),
(49, 10, 'Batang', 'Kabupaten', '51211'),
(50, 8, 'Batang Hari', 'Kabupaten', '36613'),
(51, 11, 'Batu', 'Kota', '65311'),
(52, 34, 'Batu Bara', 'Kabupaten', '21655'),
(53, 30, 'Bau-Bau', 'Kota', '93719'),
(54, 9, 'Bekasi', 'Kabupaten', '17837'),
(55, 9, 'Bekasi', 'Kota', '17121'),
(56, 2, 'Belitung', 'Kabupaten', '33419'),
(57, 2, 'Belitung Timur', 'Kabupaten', '33519'),
(58, 23, 'Belu', 'Kabupaten', '85711'),
(59, 21, 'Bener Meriah', 'Kabupaten', '24581'),
(60, 26, 'Bengkalis', 'Kabupaten', '28719'),
(61, 12, 'Bengkayang', 'Kabupaten', '79213'),
(62, 4, 'Bengkulu', 'Kota', '38229'),
(63, 4, 'Bengkulu Selatan', 'Kabupaten', '38519'),
(64, 4, 'Bengkulu Tengah', 'Kabupaten', '38319'),
(65, 4, 'Bengkulu Utara', 'Kabupaten', '38619'),
(66, 15, 'Berau', 'Kabupaten', '77311'),
(67, 24, 'Biak Numfor', 'Kabupaten', '98119'),
(68, 22, 'Bima', 'Kabupaten', '84171'),
(69, 22, 'Bima', 'Kota', '84139'),
(70, 34, 'Binjai', 'Kota', '20712'),
(71, 17, 'Bintan', 'Kabupaten', '29135'),
(72, 21, 'Bireuen', 'Kabupaten', '24219'),
(73, 31, 'Bitung', 'Kota', '95512'),
(74, 11, 'Blitar', 'Kabupaten', '66171'),
(75, 11, 'Blitar', 'Kota', '66124'),
(76, 10, 'Blora', 'Kabupaten', '58219'),
(77, 7, 'Boalemo', 'Kabupaten', '96319'),
(78, 9, 'Bogor', 'Kabupaten', '16911'),
(79, 9, 'Bogor', 'Kota', '16119'),
(80, 11, 'Bojonegoro', 'Kabupaten', '62119'),
(81, 31, 'Bolaang Mongondow (Bolmong)', 'Kabupaten', '95755'),
(82, 31, 'Bolaang Mongondow Selatan', 'Kabupaten', '95774'),
(83, 31, 'Bolaang Mongondow Timur', 'Kabupaten', '95783'),
(84, 31, 'Bolaang Mongondow Utara', 'Kabupaten', '95765'),
(85, 30, 'Bombana', 'Kabupaten', '93771'),
(86, 11, 'Bondowoso', 'Kabupaten', '68219'),
(87, 28, 'Bone', 'Kabupaten', '92713'),
(88, 7, 'Bone Bolango', 'Kabupaten', '96511'),
(89, 15, 'Bontang', 'Kota', '75313'),
(90, 24, 'Boven Digoel', 'Kabupaten', '99662'),
(91, 10, 'Boyolali', 'Kabupaten', '57312'),
(92, 10, 'Brebes', 'Kabupaten', '52212'),
(93, 32, 'Bukittinggi', 'Kota', '26115'),
(94, 1, 'Buleleng', 'Kabupaten', '81111'),
(95, 28, 'Bulukumba', 'Kabupaten', '92511'),
(96, 16, 'Bulungan (Bulongan)', 'Kabupaten', '77211'),
(97, 8, 'Bungo', 'Kabupaten', '37216'),
(98, 29, 'Buol', 'Kabupaten', '94564'),
(99, 19, 'Buru', 'Kabupaten', '97371'),
(100, 19, 'Buru Selatan', 'Kabupaten', '97351'),
(101, 30, 'Buton', 'Kabupaten', '93754'),
(102, 30, 'Buton Utara', 'Kabupaten', '93745'),
(103, 9, 'Ciamis', 'Kabupaten', '46211'),
(104, 9, 'Cianjur', 'Kabupaten', '43217'),
(105, 10, 'Cilacap', 'Kabupaten', '53211'),
(106, 3, 'Cilegon', 'Kota', '42417'),
(107, 9, 'Cimahi', 'Kota', '40512'),
(108, 9, 'Cirebon', 'Kabupaten', '45611'),
(109, 9, 'Cirebon', 'Kota', '45116'),
(110, 34, 'Dairi', 'Kabupaten', '22211'),
(111, 24, 'Deiyai (Deliyai)', 'Kabupaten', '98784'),
(112, 34, 'Deli Serdang', 'Kabupaten', '20511'),
(113, 10, 'Demak', 'Kabupaten', '59519'),
(114, 1, 'Denpasar', 'Kota', '80227'),
(115, 9, 'Depok', 'Kota', '16416'),
(116, 32, 'Dharmasraya', 'Kabupaten', '27612'),
(117, 24, 'Dogiyai', 'Kabupaten', '98866'),
(118, 22, 'Dompu', 'Kabupaten', '84217'),
(119, 29, 'Donggala', 'Kabupaten', '94341'),
(120, 26, 'Dumai', 'Kota', '28811'),
(121, 33, 'Empat Lawang', 'Kabupaten', '31811'),
(122, 23, 'Ende', 'Kabupaten', '86351'),
(123, 28, 'Enrekang', 'Kabupaten', '91719'),
(124, 25, 'Fakfak', 'Kabupaten', '98651'),
(125, 23, 'Flores Timur', 'Kabupaten', '86213'),
(126, 9, 'Garut', 'Kabupaten', '44126'),
(127, 21, 'Gayo Lues', 'Kabupaten', '24653'),
(128, 1, 'Gianyar', 'Kabupaten', '80519'),
(129, 7, 'Gorontalo', 'Kabupaten', '96218'),
(130, 7, 'Gorontalo', 'Kota', '96115'),
(131, 7, 'Gorontalo Utara', 'Kabupaten', '96611'),
(132, 28, 'Gowa', 'Kabupaten', '92111'),
(133, 11, 'Gresik', 'Kabupaten', '61115'),
(134, 10, 'Grobogan', 'Kabupaten', '58111'),
(135, 5, 'Gunung Kidul', 'Kabupaten', '55812'),
(136, 14, 'Gunung Mas', 'Kabupaten', '74511'),
(137, 34, 'Gunungsitoli', 'Kota', '22813'),
(138, 20, 'Halmahera Barat', 'Kabupaten', '97757'),
(139, 20, 'Halmahera Selatan', 'Kabupaten', '97911'),
(140, 20, 'Halmahera Tengah', 'Kabupaten', '97853'),
(141, 20, 'Halmahera Timur', 'Kabupaten', '97862'),
(142, 20, 'Halmahera Utara', 'Kabupaten', '97762'),
(143, 13, 'Hulu Sungai Selatan', 'Kabupaten', '71212'),
(144, 13, 'Hulu Sungai Tengah', 'Kabupaten', '71313'),
(145, 13, 'Hulu Sungai Utara', 'Kabupaten', '71419'),
(146, 34, 'Humbang Hasundutan', 'Kabupaten', '22457'),
(147, 26, 'Indragiri Hilir', 'Kabupaten', '29212'),
(148, 26, 'Indragiri Hulu', 'Kabupaten', '29319'),
(149, 9, 'Indramayu', 'Kabupaten', '45214'),
(150, 24, 'Intan Jaya', 'Kabupaten', '98771'),
(151, 6, 'Jakarta Barat', 'Kota', '11220'),
(152, 6, 'Jakarta Pusat', 'Kota', '10540'),
(153, 6, 'Jakarta Selatan', 'Kota', '12230'),
(154, 6, 'Jakarta Timur', 'Kota', '13330'),
(155, 6, 'Jakarta Utara', 'Kota', '14140'),
(156, 8, 'Jambi', 'Kota', '36111'),
(157, 24, 'Jayapura', 'Kabupaten', '99352'),
(158, 24, 'Jayapura', 'Kota', '99114'),
(159, 24, 'Jayawijaya', 'Kabupaten', '99511'),
(160, 11, 'Jember', 'Kabupaten', '68113'),
(161, 1, 'Jembrana', 'Kabupaten', '82251'),
(162, 28, 'Jeneponto', 'Kabupaten', '92319'),
(163, 10, 'Jepara', 'Kabupaten', '59419'),
(164, 11, 'Jombang', 'Kabupaten', '61415'),
(165, 25, 'Kaimana', 'Kabupaten', '98671'),
(166, 26, 'Kampar', 'Kabupaten', '28411'),
(167, 14, 'Kapuas', 'Kabupaten', '73583'),
(168, 12, 'Kapuas Hulu', 'Kabupaten', '78719'),
(169, 10, 'Karanganyar', 'Kabupaten', '57718'),
(170, 1, 'Karangasem', 'Kabupaten', '80819'),
(171, 9, 'Karawang', 'Kabupaten', '41311'),
(172, 17, 'Karimun', 'Kabupaten', '29611'),
(173, 34, 'Karo', 'Kabupaten', '22119'),
(174, 14, 'Katingan', 'Kabupaten', '74411'),
(175, 4, 'Kaur', 'Kabupaten', '38911'),
(176, 12, 'Kayong Utara', 'Kabupaten', '78852'),
(177, 10, 'Kebumen', 'Kabupaten', '54319'),
(178, 11, 'Kediri', 'Kabupaten', '64184'),
(179, 11, 'Kediri', 'Kota', '64125'),
(180, 24, 'Keerom', 'Kabupaten', '99461'),
(181, 10, 'Kendal', 'Kabupaten', '51314'),
(182, 30, 'Kendari', 'Kota', '93126'),
(183, 4, 'Kepahiang', 'Kabupaten', '39319'),
(184, 17, 'Kepulauan Anambas', 'Kabupaten', '29991'),
(185, 19, 'Kepulauan Aru', 'Kabupaten', '97681'),
(186, 32, 'Kepulauan Mentawai', 'Kabupaten', '25771'),
(187, 26, 'Kepulauan Meranti', 'Kabupaten', '28791'),
(188, 31, 'Kepulauan Sangihe', 'Kabupaten', '95819'),
(189, 6, 'Kepulauan Seribu', 'Kabupaten', '14550'),
(190, 31, 'Kepulauan Siau Tagulandang Biaro (Sitaro)', 'Kabupaten', '95862'),
(191, 20, 'Kepulauan Sula', 'Kabupaten', '97995'),
(192, 31, 'Kepulauan Talaud', 'Kabupaten', '95885'),
(193, 24, 'Kepulauan Yapen (Yapen Waropen)', 'Kabupaten', '98211'),
(194, 8, 'Kerinci', 'Kabupaten', '37167'),
(195, 12, 'Ketapang', 'Kabupaten', '78874'),
(196, 10, 'Klaten', 'Kabupaten', '57411'),
(197, 1, 'Klungkung', 'Kabupaten', '80719'),
(198, 30, 'Kolaka', 'Kabupaten', '93511'),
(199, 30, 'Kolaka Utara', 'Kabupaten', '93911'),
(200, 30, 'Konawe', 'Kabupaten', '93411'),
(201, 30, 'Konawe Selatan', 'Kabupaten', '93811'),
(202, 30, 'Konawe Utara', 'Kabupaten', '93311'),
(203, 13, 'Kotabaru', 'Kabupaten', '72119'),
(204, 31, 'Kotamobagu', 'Kota', '95711'),
(205, 14, 'Kotawaringin Barat', 'Kabupaten', '74119'),
(206, 14, 'Kotawaringin Timur', 'Kabupaten', '74364'),
(207, 26, 'Kuantan Singingi', 'Kabupaten', '29519'),
(208, 12, 'Kubu Raya', 'Kabupaten', '78311'),
(209, 10, 'Kudus', 'Kabupaten', '59311'),
(210, 5, 'Kulon Progo', 'Kabupaten', '55611'),
(211, 9, 'Kuningan', 'Kabupaten', '45511'),
(212, 23, 'Kupang', 'Kabupaten', '85362'),
(213, 23, 'Kupang', 'Kota', '85119'),
(214, 15, 'Kutai Barat', 'Kabupaten', '75711'),
(215, 15, 'Kutai Kartanegara', 'Kabupaten', '75511'),
(216, 15, 'Kutai Timur', 'Kabupaten', '75611'),
(217, 34, 'Labuhan Batu', 'Kabupaten', '21412'),
(218, 34, 'Labuhan Batu Selatan', 'Kabupaten', '21511'),
(219, 34, 'Labuhan Batu Utara', 'Kabupaten', '21711'),
(220, 33, 'Lahat', 'Kabupaten', '31419'),
(221, 14, 'Lamandau', 'Kabupaten', '74611'),
(222, 11, 'Lamongan', 'Kabupaten', '64125'),
(223, 18, 'Lampung Barat', 'Kabupaten', '34814'),
(224, 18, 'Lampung Selatan', 'Kabupaten', '35511'),
(225, 18, 'Lampung Tengah', 'Kabupaten', '34212'),
(226, 18, 'Lampung Timur', 'Kabupaten', '34319'),
(227, 18, 'Lampung Utara', 'Kabupaten', '34516'),
(228, 12, 'Landak', 'Kabupaten', '78319'),
(229, 34, 'Langkat', 'Kabupaten', '20811'),
(230, 21, 'Langsa', 'Kota', '24412'),
(231, 24, 'Lanny Jaya', 'Kabupaten', '99531'),
(232, 3, 'Lebak', 'Kabupaten', '42319'),
(233, 4, 'Lebong', 'Kabupaten', '39264'),
(234, 23, 'Lembata', 'Kabupaten', '86611'),
(235, 21, 'Lhokseumawe', 'Kota', '24352'),
(236, 32, 'Lima Puluh Koto/Kota', 'Kabupaten', '26671'),
(237, 17, 'Lingga', 'Kabupaten', '29811'),
(238, 22, 'Lombok Barat', 'Kabupaten', '83311'),
(239, 22, 'Lombok Tengah', 'Kabupaten', '83511'),
(240, 22, 'Lombok Timur', 'Kabupaten', '83612'),
(241, 22, 'Lombok Utara', 'Kabupaten', '83711'),
(242, 33, 'Lubuk Linggau', 'Kota', '31614'),
(243, 11, 'Lumajang', 'Kabupaten', '67319'),
(244, 28, 'Luwu', 'Kabupaten', '91994'),
(245, 28, 'Luwu Timur', 'Kabupaten', '92981'),
(246, 28, 'Luwu Utara', 'Kabupaten', '92911'),
(247, 11, 'Madiun', 'Kabupaten', '63153'),
(248, 11, 'Madiun', 'Kota', '63122'),
(249, 10, 'Magelang', 'Kabupaten', '56519'),
(250, 10, 'Magelang', 'Kota', '56133'),
(251, 11, 'Magetan', 'Kabupaten', '63314'),
(252, 9, 'Majalengka', 'Kabupaten', '45412'),
(253, 27, 'Majene', 'Kabupaten', '91411'),
(254, 28, 'Makassar', 'Kota', '90111'),
(255, 11, 'Malang', 'Kabupaten', '65163'),
(256, 11, 'Malang', 'Kota', '65112'),
(257, 16, 'Malinau', 'Kabupaten', '77511'),
(258, 19, 'Maluku Barat Daya', 'Kabupaten', '97451'),
(259, 19, 'Maluku Tengah', 'Kabupaten', '97513'),
(260, 19, 'Maluku Tenggara', 'Kabupaten', '97651'),
(261, 19, 'Maluku Tenggara Barat', 'Kabupaten', '97465'),
(262, 27, 'Mamasa', 'Kabupaten', '91362'),
(263, 24, 'Mamberamo Raya', 'Kabupaten', '99381'),
(264, 24, 'Mamberamo Tengah', 'Kabupaten', '99553'),
(265, 27, 'Mamuju', 'Kabupaten', '91519'),
(266, 27, 'Mamuju Utara', 'Kabupaten', '91571'),
(267, 31, 'Manado', 'Kota', '95247'),
(268, 34, 'Mandailing Natal', 'Kabupaten', '22916'),
(269, 23, 'Manggarai', 'Kabupaten', '86551'),
(270, 23, 'Manggarai Barat', 'Kabupaten', '86711'),
(271, 23, 'Manggarai Timur', 'Kabupaten', '86811'),
(272, 25, 'Manokwari', 'Kabupaten', '98311'),
(273, 25, 'Manokwari Selatan', 'Kabupaten', '98355'),
(274, 24, 'Mappi', 'Kabupaten', '99853'),
(275, 28, 'Maros', 'Kabupaten', '90511'),
(276, 22, 'Mataram', 'Kota', '83131'),
(277, 25, 'Maybrat', 'Kabupaten', '98051'),
(278, 34, 'Medan', 'Kota', '20228'),
(279, 12, 'Melawi', 'Kabupaten', '78619'),
(280, 8, 'Merangin', 'Kabupaten', '37319'),
(281, 24, 'Merauke', 'Kabupaten', '99613'),
(282, 18, 'Mesuji', 'Kabupaten', '34911'),
(283, 18, 'Metro', 'Kota', '34111'),
(284, 24, 'Mimika', 'Kabupaten', '99962'),
(285, 31, 'Minahasa', 'Kabupaten', '95614'),
(286, 31, 'Minahasa Selatan', 'Kabupaten', '95914'),
(287, 31, 'Minahasa Tenggara', 'Kabupaten', '95995'),
(288, 31, 'Minahasa Utara', 'Kabupaten', '95316'),
(289, 11, 'Mojokerto', 'Kabupaten', '61382'),
(290, 11, 'Mojokerto', 'Kota', '61316'),
(291, 29, 'Morowali', 'Kabupaten', '94911'),
(292, 33, 'Muara Enim', 'Kabupaten', '31315'),
(293, 8, 'Muaro Jambi', 'Kabupaten', '36311'),
(294, 4, 'Muko Muko', 'Kabupaten', '38715'),
(295, 30, 'Muna', 'Kabupaten', '93611'),
(296, 14, 'Murung Raya', 'Kabupaten', '73911'),
(297, 33, 'Musi Banyuasin', 'Kabupaten', '30719'),
(298, 33, 'Musi Rawas', 'Kabupaten', '31661'),
(299, 24, 'Nabire', 'Kabupaten', '98816'),
(300, 21, 'Nagan Raya', 'Kabupaten', '23674'),
(301, 23, 'Nagekeo', 'Kabupaten', '86911'),
(302, 17, 'Natuna', 'Kabupaten', '29711'),
(303, 24, 'Nduga', 'Kabupaten', '99541'),
(304, 23, 'Ngada', 'Kabupaten', '86413'),
(305, 11, 'Nganjuk', 'Kabupaten', '64414'),
(306, 11, 'Ngawi', 'Kabupaten', '63219'),
(307, 34, 'Nias', 'Kabupaten', '22876'),
(308, 34, 'Nias Barat', 'Kabupaten', '22895'),
(309, 34, 'Nias Selatan', 'Kabupaten', '22865'),
(310, 34, 'Nias Utara', 'Kabupaten', '22856'),
(311, 16, 'Nunukan', 'Kabupaten', '77421'),
(312, 33, 'Ogan Ilir', 'Kabupaten', '30811'),
(313, 33, 'Ogan Komering Ilir', 'Kabupaten', '30618'),
(314, 33, 'Ogan Komering Ulu', 'Kabupaten', '32112'),
(315, 33, 'Ogan Komering Ulu Selatan', 'Kabupaten', '32211'),
(316, 33, 'Ogan Komering Ulu Timur', 'Kabupaten', '32312'),
(317, 11, 'Pacitan', 'Kabupaten', '63512'),
(318, 32, 'Padang', 'Kota', '25112'),
(319, 34, 'Padang Lawas', 'Kabupaten', '22763'),
(320, 34, 'Padang Lawas Utara', 'Kabupaten', '22753'),
(321, 32, 'Padang Panjang', 'Kota', '27122'),
(322, 32, 'Padang Pariaman', 'Kabupaten', '25583'),
(323, 34, 'Padang Sidempuan', 'Kota', '22727'),
(324, 33, 'Pagar Alam', 'Kota', '31512'),
(325, 34, 'Pakpak Bharat', 'Kabupaten', '22272'),
(326, 14, 'Palangka Raya', 'Kota', '73112'),
(327, 33, 'Palembang', 'Kota', '30111'),
(328, 28, 'Palopo', 'Kota', '91911'),
(329, 29, 'Palu', 'Kota', '94111'),
(330, 11, 'Pamekasan', 'Kabupaten', '69319'),
(331, 3, 'Pandeglang', 'Kabupaten', '42212'),
(332, 9, 'Pangandaran', 'Kabupaten', '46511'),
(333, 28, 'Pangkajene Kepulauan', 'Kabupaten', '90611'),
(334, 2, 'Pangkal Pinang', 'Kota', '33115'),
(335, 24, 'Paniai', 'Kabupaten', '98765'),
(336, 28, 'Parepare', 'Kota', '91123'),
(337, 32, 'Pariaman', 'Kota', '25511'),
(338, 29, 'Parigi Moutong', 'Kabupaten', '94411'),
(339, 32, 'Pasaman', 'Kabupaten', '26318'),
(340, 32, 'Pasaman Barat', 'Kabupaten', '26511'),
(341, 15, 'Paser', 'Kabupaten', '76211'),
(342, 11, 'Pasuruan', 'Kabupaten', '67153'),
(343, 11, 'Pasuruan', 'Kota', '67118'),
(344, 10, 'Pati', 'Kabupaten', '59114'),
(345, 32, 'Payakumbuh', 'Kota', '26213'),
(346, 25, 'Pegunungan Arfak', 'Kabupaten', '98354'),
(347, 24, 'Pegunungan Bintang', 'Kabupaten', '99573'),
(348, 10, 'Pekalongan', 'Kabupaten', '51161'),
(349, 10, 'Pekalongan', 'Kota', '51122'),
(350, 26, 'Pekanbaru', 'Kota', '28112'),
(351, 26, 'Pelalawan', 'Kabupaten', '28311'),
(352, 10, 'Pemalang', 'Kabupaten', '52319'),
(353, 34, 'Pematang Siantar', 'Kota', '21126'),
(354, 15, 'Penajam Paser Utara', 'Kabupaten', '76311'),
(355, 18, 'Pesawaran', 'Kabupaten', '35312'),
(356, 18, 'Pesisir Barat', 'Kabupaten', '35974'),
(357, 32, 'Pesisir Selatan', 'Kabupaten', '25611'),
(358, 21, 'Pidie', 'Kabupaten', '24116'),
(359, 21, 'Pidie Jaya', 'Kabupaten', '24186'),
(360, 28, 'Pinrang', 'Kabupaten', '91251'),
(361, 7, 'Pohuwato', 'Kabupaten', '96419'),
(362, 27, 'Polewali Mandar', 'Kabupaten', '91311'),
(363, 11, 'Ponorogo', 'Kabupaten', '63411'),
(364, 12, 'Pontianak', 'Kabupaten', '78971'),
(365, 12, 'Pontianak', 'Kota', '78112'),
(366, 29, 'Poso', 'Kabupaten', '94615'),
(367, 33, 'Prabumulih', 'Kota', '31121'),
(368, 18, 'Pringsewu', 'Kabupaten', '35719'),
(369, 11, 'Probolinggo', 'Kabupaten', '67282'),
(370, 11, 'Probolinggo', 'Kota', '67215'),
(371, 14, 'Pulang Pisau', 'Kabupaten', '74811'),
(372, 20, 'Pulau Morotai', 'Kabupaten', '97771'),
(373, 24, 'Puncak', 'Kabupaten', '98981'),
(374, 24, 'Puncak Jaya', 'Kabupaten', '98979'),
(375, 10, 'Purbalingga', 'Kabupaten', '53312'),
(376, 9, 'Purwakarta', 'Kabupaten', '41119'),
(377, 10, 'Purworejo', 'Kabupaten', '54111'),
(378, 25, 'Raja Ampat', 'Kabupaten', '98489'),
(379, 4, 'Rejang Lebong', 'Kabupaten', '39112'),
(380, 10, 'Rembang', 'Kabupaten', '59219'),
(381, 26, 'Rokan Hilir', 'Kabupaten', '28992'),
(382, 26, 'Rokan Hulu', 'Kabupaten', '28511'),
(383, 23, 'Rote Ndao', 'Kabupaten', '85982'),
(384, 21, 'Sabang', 'Kota', '23512'),
(385, 23, 'Sabu Raijua', 'Kabupaten', '85391'),
(386, 10, 'Salatiga', 'Kota', '50711'),
(387, 15, 'Samarinda', 'Kota', '75133'),
(388, 12, 'Sambas', 'Kabupaten', '79453'),
(389, 34, 'Samosir', 'Kabupaten', '22392'),
(390, 11, 'Sampang', 'Kabupaten', '69219'),
(391, 12, 'Sanggau', 'Kabupaten', '78557'),
(392, 24, 'Sarmi', 'Kabupaten', '99373'),
(393, 8, 'Sarolangun', 'Kabupaten', '37419'),
(394, 32, 'Sawah Lunto', 'Kota', '27416'),
(395, 12, 'Sekadau', 'Kabupaten', '79583'),
(396, 28, 'Selayar (Kepulauan Selayar)', 'Kabupaten', '92812'),
(397, 4, 'Seluma', 'Kabupaten', '38811'),
(398, 10, 'Semarang', 'Kabupaten', '50511'),
(399, 10, 'Semarang', 'Kota', '50135'),
(400, 19, 'Seram Bagian Barat', 'Kabupaten', '97561'),
(401, 19, 'Seram Bagian Timur', 'Kabupaten', '97581'),
(402, 3, 'Serang', 'Kabupaten', '42182'),
(403, 3, 'Serang', 'Kota', '42111'),
(404, 34, 'Serdang Bedagai', 'Kabupaten', '20915'),
(405, 14, 'Seruyan', 'Kabupaten', '74211'),
(406, 26, 'Siak', 'Kabupaten', '28623'),
(407, 34, 'Sibolga', 'Kota', '22522'),
(408, 28, 'Sidenreng Rappang/Rapang', 'Kabupaten', '91613'),
(409, 11, 'Sidoarjo', 'Kabupaten', '61219'),
(410, 29, 'Sigi', 'Kabupaten', '94364'),
(411, 32, 'Sijunjung (Sawah Lunto Sijunjung)', 'Kabupaten', '27511'),
(412, 23, 'Sikka', 'Kabupaten', '86121'),
(413, 34, 'Simalungun', 'Kabupaten', '21162'),
(414, 21, 'Simeulue', 'Kabupaten', '23891'),
(415, 12, 'Singkawang', 'Kota', '79117'),
(416, 28, 'Sinjai', 'Kabupaten', '92615'),
(417, 12, 'Sintang', 'Kabupaten', '78619'),
(418, 11, 'Situbondo', 'Kabupaten', '68316'),
(419, 5, 'Sleman', 'Kabupaten', '55513'),
(420, 32, 'Solok', 'Kabupaten', '27365'),
(421, 32, 'Solok', 'Kota', '27315'),
(422, 32, 'Solok Selatan', 'Kabupaten', '27779'),
(423, 28, 'Soppeng', 'Kabupaten', '90812'),
(424, 25, 'Sorong', 'Kabupaten', '98431'),
(425, 25, 'Sorong', 'Kota', '98411'),
(426, 25, 'Sorong Selatan', 'Kabupaten', '98454'),
(427, 10, 'Sragen', 'Kabupaten', '57211'),
(428, 9, 'Subang', 'Kabupaten', '41215'),
(429, 21, 'Subulussalam', 'Kota', '24882'),
(430, 9, 'Sukabumi', 'Kabupaten', '43311'),
(431, 9, 'Sukabumi', 'Kota', '43114'),
(432, 14, 'Sukamara', 'Kabupaten', '74712'),
(433, 10, 'Sukoharjo', 'Kabupaten', '57514'),
(434, 23, 'Sumba Barat', 'Kabupaten', '87219'),
(435, 23, 'Sumba Barat Daya', 'Kabupaten', '87453'),
(436, 23, 'Sumba Tengah', 'Kabupaten', '87358'),
(437, 23, 'Sumba Timur', 'Kabupaten', '87112'),
(438, 22, 'Sumbawa', 'Kabupaten', '84315'),
(439, 22, 'Sumbawa Barat', 'Kabupaten', '84419'),
(440, 9, 'Sumedang', 'Kabupaten', '45326'),
(441, 11, 'Sumenep', 'Kabupaten', '69413'),
(442, 8, 'Sungaipenuh', 'Kota', '37113'),
(443, 24, 'Supiori', 'Kabupaten', '98164'),
(444, 11, 'Surabaya', 'Kota', '60119'),
(445, 10, 'Surakarta (Solo)', 'Kota', '57113'),
(446, 13, 'Tabalong', 'Kabupaten', '71513'),
(447, 1, 'Tabanan', 'Kabupaten', '82119'),
(448, 28, 'Takalar', 'Kabupaten', '92212'),
(449, 25, 'Tambrauw', 'Kabupaten', '98475'),
(450, 16, 'Tana Tidung', 'Kabupaten', '77611'),
(451, 28, 'Tana Toraja', 'Kabupaten', '91819'),
(452, 13, 'Tanah Bumbu', 'Kabupaten', '72211'),
(453, 32, 'Tanah Datar', 'Kabupaten', '27211'),
(454, 13, 'Tanah Laut', 'Kabupaten', '70811'),
(455, 3, 'Tangerang', 'Kabupaten', '15914'),
(456, 3, 'Tangerang', 'Kota', '15111'),
(457, 3, 'Tangerang Selatan', 'Kota', '15435'),
(458, 18, 'Tanggamus', 'Kabupaten', '35619'),
(459, 34, 'Tanjung Balai', 'Kota', '21321'),
(460, 8, 'Tanjung Jabung Barat', 'Kabupaten', '36513'),
(461, 8, 'Tanjung Jabung Timur', 'Kabupaten', '36719'),
(462, 17, 'Tanjung Pinang', 'Kota', '29111'),
(463, 34, 'Tapanuli Selatan', 'Kabupaten', '22742'),
(464, 34, 'Tapanuli Tengah', 'Kabupaten', '22611'),
(465, 34, 'Tapanuli Utara', 'Kabupaten', '22414'),
(466, 13, 'Tapin', 'Kabupaten', '71119'),
(467, 16, 'Tarakan', 'Kota', '77114'),
(468, 9, 'Tasikmalaya', 'Kabupaten', '46411'),
(469, 9, 'Tasikmalaya', 'Kota', '46116'),
(470, 34, 'Tebing Tinggi', 'Kota', '20632'),
(471, 8, 'Tebo', 'Kabupaten', '37519'),
(472, 10, 'Tegal', 'Kabupaten', '52419'),
(473, 10, 'Tegal', 'Kota', '52114'),
(474, 25, 'Teluk Bintuni', 'Kabupaten', '98551'),
(475, 25, 'Teluk Wondama', 'Kabupaten', '98591'),
(476, 10, 'Temanggung', 'Kabupaten', '56212'),
(477, 20, 'Ternate', 'Kota', '97714'),
(478, 20, 'Tidore Kepulauan', 'Kota', '97815'),
(479, 23, 'Timor Tengah Selatan', 'Kabupaten', '85562'),
(480, 23, 'Timor Tengah Utara', 'Kabupaten', '85612'),
(481, 34, 'Toba Samosir', 'Kabupaten', '22316'),
(482, 29, 'Tojo Una-Una', 'Kabupaten', '94683'),
(483, 29, 'Toli-Toli', 'Kabupaten', '94542'),
(484, 24, 'Tolikara', 'Kabupaten', '99411'),
(485, 31, 'Tomohon', 'Kota', '95416'),
(486, 28, 'Toraja Utara', 'Kabupaten', '91831'),
(487, 11, 'Trenggalek', 'Kabupaten', '66312'),
(488, 19, 'Tual', 'Kota', '97612'),
(489, 11, 'Tuban', 'Kabupaten', '62319'),
(490, 18, 'Tulang Bawang', 'Kabupaten', '34613'),
(491, 18, 'Tulang Bawang Barat', 'Kabupaten', '34419'),
(492, 11, 'Tulungagung', 'Kabupaten', '66212'),
(493, 28, 'Wajo', 'Kabupaten', '90911'),
(494, 30, 'Wakatobi', 'Kabupaten', '93791'),
(495, 24, 'Waropen', 'Kabupaten', '98269'),
(496, 18, 'Way Kanan', 'Kabupaten', '34711'),
(497, 10, 'Wonogiri', 'Kabupaten', '57619'),
(498, 10, 'Wonosobo', 'Kabupaten', '56311'),
(499, 24, 'Yahukimo', 'Kabupaten', '99041'),
(500, 24, 'Yalimo', 'Kabupaten', '99481'),
(501, 5, 'Yogyakarta', 'Kota', '55111');

-- --------------------------------------------------------

--
-- Table structure for table `couriers`
--

CREATE TABLE `couriers` (
  `id` bigint UNSIGNED NOT NULL,
  `name` varchar(30) CHARACTER SET utf8mb4 COLLATE utf8mb4_unicode_ci NOT NULL,
  `code` varchar(15) CHARACTER SET utf8mb4 COLLATE utf8mb4_unicode_ci NOT NULL,
  `enabled` tinyint(1) NOT NULL DEFAULT '0',
  `created_at` timestamp NULL DEFAULT NULL,
  `updated_at` timestamp NULL DEFAULT NULL
) ENGINE=InnoDB DEFAULT CHARSET=utf8mb4 COLLATE=utf8mb4_unicode_ci;

--
-- Dumping data for table `couriers`
--

INSERT INTO `couriers` (`id`, `name`, `code`, `enabled`, `created_at`, `updated_at`) VALUES
(1, 'Jalur Nugraha Ekakurir', 'jne', 1, '2024-01-15 12:21:06', '2024-01-15 12:21:06'),
(2, 'Pos Indonesia', 'pos', 0, '2024-01-15 12:21:06', '2024-01-15 12:21:06'),
(3, 'Citra Van Titipan Kilat', 'tiki', 1, '2024-01-15 12:21:06', '2024-01-15 12:21:06'),
(4, 'ID Express', 'ide', 1, '2024-01-15 12:21:06', '2024-01-15 12:21:06'),
(5, 'SiCepat Express', 'sicepat', 1, '2024-01-15 12:21:06', '2024-01-15 12:21:06'),
(6, 'J&T Express', 'j&t', 0, '2024-01-15 12:21:06', '2024-01-15 12:21:06'),
(7, 'Ninja Xpress', 'ninja', 1, '2024-01-15 12:21:06', '2024-01-15 12:21:06');

-- --------------------------------------------------------

--
-- Table structure for table `migrations`
--

CREATE TABLE `migrations` (
  `id` int UNSIGNED NOT NULL,
  `migration` varchar(80) CHARACTER SET utf8mb4 COLLATE utf8mb4_unicode_ci NOT NULL,
  `batch` int NOT NULL
) ENGINE=InnoDB DEFAULT CHARSET=utf8mb4 COLLATE=utf8mb4_unicode_ci;

--
-- Dumping data for table `migrations`
--

INSERT INTO `migrations` (`id`, `migration`, `batch`) VALUES
(1, '2014_10_12_000000_create_users_table', 1),
(2, '2014_10_12_100000_create_password_reset_tokens_table', 1),
(3, '2019_08_19_000000_create_failed_jobs_table', 1),
(4, '2019_12_14_000001_create_personal_access_tokens_table', 1),
(5, '2023_05_08_063817_create_provinces_table', 1),
(6, '2023_05_08_065121_create_cities_table', 1),
(7, '2023_05_08_070621_create_subdistricts_table', 1),
(8, '2023_05_08_092754_create_products_table', 1),
(9, '2023_05_08_093000_create_categories_table', 1),
(10, '2023_05_08_112206_create_shipping_addresses_table', 1),
(11, '2023_05_09_101633_create_carts_table', 1),
(12, '2023_05_10_061754_create_variations_table', 1),
(13, '2023_05_11_093113_create_couriers_table', 1),
(14, '2023_05_13_081713_create_transactions_table', 1),
(15, '2023_05_13_081733_create_transaction_details_table', 1),
(16, '2023_05_13_193132_create_jobs_table', 1),
(17, '2023_05_19_074158_create_permission_tables', 1);

-- --------------------------------------------------------

--
-- Table structure for table `model_has_permissions`
--

CREATE TABLE `model_has_permissions` (
  `permission_id` bigint UNSIGNED NOT NULL,
  `model_type` varchar(255) COLLATE utf8mb4_unicode_ci NOT NULL,
  `model_id` bigint UNSIGNED NOT NULL
) ENGINE=InnoDB DEFAULT CHARSET=utf8mb4 COLLATE=utf8mb4_unicode_ci;

-- --------------------------------------------------------

--
-- Table structure for table `model_has_roles`
--

CREATE TABLE `model_has_roles` (
  `role_id` bigint UNSIGNED NOT NULL,
  `model_type` varchar(70) CHARACTER SET utf8mb4 COLLATE utf8mb4_unicode_ci NOT NULL,
  `model_id` bigint UNSIGNED NOT NULL
) ENGINE=InnoDB DEFAULT CHARSET=utf8mb4 COLLATE=utf8mb4_unicode_ci;

--
-- Dumping data for table `model_has_roles`
--

INSERT INTO `model_has_roles` (`role_id`, `model_type`, `model_id`) VALUES
(1, 'App\\Models\\User', 1);

-- --------------------------------------------------------

--
-- Table structure for table `permissions`
--

CREATE TABLE `permissions` (
  `id` bigint UNSIGNED NOT NULL,
  `name` varchar(255) COLLATE utf8mb4_unicode_ci NOT NULL,
  `guard_name` varchar(255) COLLATE utf8mb4_unicode_ci NOT NULL,
  `created_at` timestamp NULL DEFAULT NULL,
  `updated_at` timestamp NULL DEFAULT NULL
) ENGINE=InnoDB DEFAULT CHARSET=utf8mb4 COLLATE=utf8mb4_unicode_ci;

-- --------------------------------------------------------

--
-- Table structure for table `products`
--

CREATE TABLE `products` (
  `id` bigint UNSIGNED NOT NULL,
  `category_id` bigint UNSIGNED DEFAULT NULL,
  `picture` varchar(150) CHARACTER SET utf8mb4 COLLATE utf8mb4_unicode_ci DEFAULT NULL,
  `name` varchar(30) CHARACTER SET utf8mb4 COLLATE utf8mb4_unicode_ci NOT NULL,
  `slug` varchar(30) CHARACTER SET utf8mb4 COLLATE utf8mb4_unicode_ci NOT NULL,
  `description` text COLLATE utf8mb4_unicode_ci NOT NULL,
  `price` bigint NOT NULL,
  `weight` bigint NOT NULL DEFAULT '200',
  `created_at` timestamp NULL DEFAULT NULL,
  `updated_at` timestamp NULL DEFAULT NULL
) ENGINE=InnoDB DEFAULT CHARSET=utf8mb4 COLLATE=utf8mb4_unicode_ci;

--
-- Dumping data for table `products`
--

INSERT INTO `products` (`id`, `category_id`, `picture`, `name`, `slug`, `description`, `price`, `weight`, `created_at`, `updated_at`) VALUES
(1, NULL, 'public/images/products/zrqYBe6AdICsD9d0NYk62JVeDIVFysKuwM8CfgrH.jpg', 'Bvlgari Aqua', 'bvlgari-aqua', 'Bvlgari Aqua adalah salah satu koleksi parfum pria yang terkenal dari merek mewah Italia, Bvlgari. Produk ini dirancang untuk menciptakan pengalaman yang segar dan menyegarkan, terinspirasi oleh elemen air.', 15000, 200, '2024-01-15 11:58:06', '2024-01-15 12:08:21'),
(2, NULL, 'public/images/products/kWloygZquIbAWv1gzLKuQpwonJQk5gGhWPhOjkT3.jpg', 'Victoria Secret', 'victoria-secret', 'Victoria Secret', 15000, 200, '2024-01-15 11:58:06', '2024-01-15 12:09:38'),
(6, NULL, 'public/images/products/eGrfiHAdZ5mEpRCa7PlvCHqZGzY1wFN1eJktC0QZ.jpg', 'Jo Malone', 'jo-malone', 'Jo Malone', 15000, 200, '2024-01-15 12:11:00', '2024-01-15 12:11:00'),
(7, NULL, 'public/images/products/yPEk0X1DRUJNf8daOmrH33KWZHNyfGhsSbgdYPye.jpg', 'Selena Gomez', 'selena-gomez', 'Selena Gomez Thailand Parfume', 15000, 200, '2024-01-15 12:12:09', '2024-01-15 12:12:09'),
(8, NULL, 'public/images/products/ZSMEq1B5cVYpBylRjWhYSaGcg2pKL915hUXZmNBf.jpg', 'Nagita Slavina', 'nagita-slavina', 'Nagita Slavina', 15000, 200, '2024-01-15 12:13:38', '2024-01-15 12:13:38'),
(9, NULL, 'public/images/products/v8yDbTvE7w6yAv9lGxmBTKF58CLIMKsEHNO7apUQ.jpg', 'TALKME CRAZY RICH SERIES', 'talkme-crazy-rich-series', 'Sequel series dari Talkme Rich Series, terdiri dari 6 aroma (2 feminim, 2 Maskulin, 2 Unisex). Dengan aroma yang lebih beragam sehingga #talkies bisa explore lebih luas aroma yang berbeda. Mix and match aroma kesukaan kamu dari keenam Crazy Rich Series ini:\r\n- Rich Candy: Sweet Candy, Lily Flower 🍬🌸\r\n- Rich Justice: Red Berries, Mandarin Orange, Pear, Jasmine🫐💐🍊🍐\r\n- Rich Garden: Rose, Mint, Cinnamon, Citrus, Patchouli 🍋🍃🌹\r\n- Rich Gravity: Citrus, Warm Spicy, Fresh Spicy, Woody🪵🍋☀️\r\n- Rich Flight: Sweet Pea Flower, Fresh Floral, Warm 🪷🌷🌻\r\n- Rich Men: Lavender, Amberwood, Sandalwood,Tonka Bean 🫘🪵🍂', 15000, 200, '2024-01-15 12:15:36', '2024-01-15 12:15:36'),
(10, NULL, 'public/images/products/0qeRciscyhv7u2INiQnZAQzYXzFGoq7VB0tOPKqo.jpg', 'Zara Man', 'zara-man', 'Zara Man', 15000, 200, '2024-01-15 12:17:55', '2024-01-15 12:18:35'),
(11, NULL, 'public/images/products/nVecTnd7Ce2efremBa6CSs62LE3YbEinP8zvt2s9.jpg', 'Miss Dior', 'miss-dior', 'Miss Dior', 15000, 200, '2024-01-15 12:19:40', '2024-01-15 15:07:14');

-- --------------------------------------------------------

--
-- Table structure for table `provinces`
--

CREATE TABLE `provinces` (
  `id` bigint UNSIGNED NOT NULL,
  `name` varchar(255) COLLATE utf8mb4_unicode_ci NOT NULL
) ENGINE=InnoDB DEFAULT CHARSET=utf8mb4 COLLATE=utf8mb4_unicode_ci;

--
-- Dumping data for table `provinces`
--

INSERT INTO `provinces` (`id`, `name`) VALUES
(1, 'Bali'),
(2, 'Bangka Belitung'),
(3, 'Banten'),
(4, 'Bengkulu'),
(5, 'DI Yogyakarta'),
(6, 'DKI Jakarta'),
(7, 'Gorontalo'),
(8, 'Jambi'),
(9, 'Jawa Barat'),
(10, 'Jawa Tengah'),
(11, 'Jawa Timur'),
(12, 'Kalimantan Barat'),
(13, 'Kalimantan Selatan'),
(14, 'Kalimantan Tengah'),
(15, 'Kalimantan Timur'),
(16, 'Kalimantan Utara'),
(17, 'Kepulauan Riau'),
(18, 'Lampung'),
(19, 'Maluku'),
(20, 'Maluku Utara'),
(21, 'Nanggroe Aceh Darussalam (NAD)'),
(22, 'Nusa Tenggara Barat (NTB)'),
(23, 'Nusa Tenggara Timur (NTT)'),
(24, 'Papua'),
(25, 'Papua Barat'),
(26, 'Riau'),
(27, 'Sulawesi Barat'),
(28, 'Sulawesi Selatan'),
(29, 'Sulawesi Tengah'),
(30, 'Sulawesi Tenggara'),
(31, 'Sulawesi Utara'),
(32, 'Sumatera Barat'),
(33, 'Sumatera Selatan'),
(34, 'Sumatera Utara');

-- --------------------------------------------------------

--
-- Table structure for table `roles`
--

CREATE TABLE `roles` (
  `id` bigint UNSIGNED NOT NULL,
  `name` varchar(255) COLLATE utf8mb4_unicode_ci NOT NULL,
  `guard_name` varchar(255) COLLATE utf8mb4_unicode_ci NOT NULL,
  `created_at` timestamp NULL DEFAULT NULL,
  `updated_at` timestamp NULL DEFAULT NULL
) ENGINE=InnoDB DEFAULT CHARSET=utf8mb4 COLLATE=utf8mb4_unicode_ci;

--
-- Dumping data for table `roles`
--

INSERT INTO `roles` (`id`, `name`, `guard_name`, `created_at`, `updated_at`) VALUES
(1, 'admin', 'web', '2024-01-15 11:58:07', '2024-01-15 11:58:07');

-- --------------------------------------------------------

--
-- Table structure for table `role_has_permissions`
--

CREATE TABLE `role_has_permissions` (
  `permission_id` bigint UNSIGNED NOT NULL,
  `role_id` bigint UNSIGNED NOT NULL
) ENGINE=InnoDB DEFAULT CHARSET=utf8mb4 COLLATE=utf8mb4_unicode_ci;

-- --------------------------------------------------------

--
-- Table structure for table `shipping_addresses`
--

CREATE TABLE `shipping_addresses` (
  `id` bigint UNSIGNED NOT NULL,
  `user_id` bigint UNSIGNED NOT NULL,
  `province_id` varchar(3) COLLATE utf8mb4_unicode_ci NOT NULL,
  `city_id` varchar(4) CHARACTER SET utf8mb4 COLLATE utf8mb4_unicode_ci NOT NULL,
  `address` text COLLATE utf8mb4_unicode_ci NOT NULL,
  `is_default` tinyint(1) NOT NULL DEFAULT '0',
  `created_at` timestamp NULL DEFAULT NULL,
  `updated_at` timestamp NULL DEFAULT NULL
) ENGINE=InnoDB DEFAULT CHARSET=utf8mb4 COLLATE=utf8mb4_unicode_ci;

--
-- Dumping data for table `shipping_addresses`
--

INSERT INTO `shipping_addresses` (`id`, `user_id`, `province_id`, `city_id`, `address`, `is_default`, `created_at`, `updated_at`) VALUES
(1, 1, '12', '364', 'Jungkat', 1, '2024-01-15 12:23:41', '2024-01-15 12:23:41'),
(2, 12, '12', '364', 'Jungkat', 1, '2024-01-15 13:52:45', '2024-01-15 13:52:45');

-- --------------------------------------------------------

--
-- Table structure for table `transactions`
--

CREATE TABLE `transactions` (
  `id` bigint UNSIGNED NOT NULL,
  `order_id` varchar(40) CHARACTER SET utf8mb4 COLLATE utf8mb4_unicode_ci NOT NULL,
  `customer_id` bigint UNSIGNED NOT NULL,
  `gross_amount` bigint NOT NULL,
  `shipping_information` json NOT NULL,
  `merchant_id` varchar(20) CHARACTER SET utf8mb4 COLLATE utf8mb4_unicode_ci DEFAULT NULL,
  `payment_method` json DEFAULT NULL,
  `status_message` varchar(60) CHARACTER SET utf8mb4 COLLATE utf8mb4_unicode_ci DEFAULT NULL,
  `transaction_id` varchar(80) CHARACTER SET utf8mb4 COLLATE utf8mb4_unicode_ci DEFAULT NULL,
  `transaction_status` varchar(15) CHARACTER SET utf8mb4 COLLATE utf8mb4_unicode_ci DEFAULT NULL,
  `transaction_time` datetime DEFAULT NULL,
  `settlement_time` datetime DEFAULT NULL,
  `expiry_time` datetime DEFAULT NULL,
  `fraud_status` varchar(60) CHARACTER SET utf8mb4 COLLATE utf8mb4_unicode_ci DEFAULT NULL,
  `order_status` int NOT NULL DEFAULT '1',
  `created_at` timestamp NULL DEFAULT NULL,
  `updated_at` timestamp NULL DEFAULT NULL
) ENGINE=InnoDB DEFAULT CHARSET=utf8mb4 COLLATE=utf8mb4_unicode_ci;

--
-- Dumping data for table `transactions`
--

INSERT INTO `transactions` (`id`, `order_id`, `customer_id`, `gross_amount`, `shipping_information`, `merchant_id`, `payment_method`, `status_message`, `transaction_id`, `transaction_status`, `transaction_time`, `settlement_time`, `expiry_time`, `fraud_status`, `order_status`, `created_at`, `updated_at`) VALUES
(2, 'ORD120240115192440', 1, 27650, '{\"address\": {\"city\": \"Pontianak\", \"detail\": \"Jungkat\", \"province\": \"Kalimantan Barat\", \"subdistrict\": null}, \"courier\": {\"id\": \"jne\", \"code\": \"jne\", \"name\": \"Jalur Nugraha Ekakurir\"}, \"service\": {\"id\": \"OKE\", \"etd\": \"5-7\", \"cost\": \"11.000\", \"name\": \"Ongkos Kirim Ekonomis\"}}', 'G037070499', '{\"id\": \"bni\", \"type\": \"bank_transfer\", \"title\": \"BNI\", \"method\": \"bank\", \"va_number\": \"9887049905622468\", \"description\": \"BNI Virtual Account\"}', 'Success, Bank Transfer transaction is created', '9bde484b-9231-41ae-b385-8042f4e13dd0', 'pending', '2024-01-16 02:24:40', NULL, '2024-01-17 02:24:40', NULL, 1, '2024-01-15 12:24:40', '2024-01-15 12:24:41'),
(3, 'ORD1220240115205957', 12, 77600, '{\"address\": {\"city\": \"Pontianak\", \"detail\": \"Jungkat\", \"province\": \"Kalimantan Barat\", \"subdistrict\": null}, \"courier\": {\"id\": \"jne\", \"code\": \"jne\", \"name\": \"Jalur Nugraha Ekakurir\"}, \"service\": {\"id\": \"OKE\", \"etd\": \"5-7\", \"cost\": \"11.000\", \"name\": \"Ongkos Kirim Ekonomis\"}}', 'G037070499', '{\"id\": \"bni\", \"type\": \"bank_transfer\", \"title\": \"BNI\", \"method\": \"bank\", \"va_number\": \"9887049992771291\", \"description\": \"BNI Virtual Account\"}', 'Success, Bank Transfer transaction is created', '06463c50-e6ba-4b0f-9bec-c8509afd31f0', 'pending', '2024-01-16 03:59:58', NULL, '2024-01-17 03:59:58', NULL, 1, '2024-01-15 13:59:57', '2024-01-15 14:00:07');

-- --------------------------------------------------------

--
-- Table structure for table `transaction_details`
--

CREATE TABLE `transaction_details` (
  `id` bigint UNSIGNED NOT NULL,
  `transaction_id` bigint UNSIGNED NOT NULL,
  `variation_id` bigint UNSIGNED NOT NULL,
  `name` varchar(50) CHARACTER SET utf8mb4 COLLATE utf8mb4_unicode_ci NOT NULL,
  `quantity` int NOT NULL,
  `price` int NOT NULL,
  `created_at` timestamp NULL DEFAULT NULL,
  `updated_at` timestamp NULL DEFAULT NULL
) ENGINE=InnoDB DEFAULT CHARSET=utf8mb4 COLLATE=utf8mb4_unicode_ci;

--
-- Dumping data for table `transaction_details`
--

INSERT INTO `transaction_details` (`id`, `transaction_id`, `variation_id`, `name`, `quantity`, `price`, `created_at`, `updated_at`) VALUES
(3, 3, 45, 'TALKME CRAZY RICH SERIES', 1, 16650, '2024-01-15 13:59:57', '2024-01-15 13:59:57'),
(4, 3, 1, 'Bvlgari Aqua', 3, 16650, '2024-01-15 13:59:57', '2024-01-15 13:59:57');

-- --------------------------------------------------------

--
-- Table structure for table `users`
--

CREATE TABLE `users` (
  `id` bigint UNSIGNED NOT NULL,
  `name` varchar(100) CHARACTER SET utf8mb4 COLLATE utf8mb4_unicode_ci NOT NULL,
  `email` varchar(50) CHARACTER SET utf8mb4 COLLATE utf8mb4_unicode_ci NOT NULL,
  `email_verified_at` timestamp NULL DEFAULT NULL,
  `password` varchar(120) CHARACTER SET utf8mb4 COLLATE utf8mb4_unicode_ci NOT NULL,
  `remember_token` varchar(120) CHARACTER SET utf8mb4 COLLATE utf8mb4_unicode_ci DEFAULT NULL,
  `created_at` timestamp NULL DEFAULT NULL,
  `updated_at` timestamp NULL DEFAULT NULL
) ENGINE=InnoDB DEFAULT CHARSET=utf8mb4 COLLATE=utf8mb4_unicode_ci;

--
-- Dumping data for table `users`
--

INSERT INTO `users` (`id`, `name`, `email`, `email_verified_at`, `password`, `remember_token`, `created_at`, `updated_at`) VALUES
(1, 'admin', 'admin@test.com', '2024-01-15 11:58:06', '$2y$10$BlhlHs0kXYu8q5zw6UCcPe.00X4gi/g26RUwCB8mm8gq8E138ik0u', 'SAIoRTym12sAOdCW5XVsU1yKMrJ6Ub31bVhktKH5n7zYJxHRLivqa4KCghCP', '2024-01-15 11:58:06', '2024-01-17 15:50:28'),
(2, 'Brook Upton', 'hickle.loraine@example.org', '2024-01-15 11:58:07', '$2y$10$92IXUNpkjO0rOQ5byMi.Ye4oKoEa3Ro9llC/.og/at2.uheWG/igi', 'bbjcfr7DMV', '2024-01-15 11:58:07', '2024-01-15 11:58:07'),
(3, 'Jamil Nikolaus', 'arutherford@example.com', '2024-01-15 11:58:07', '$2y$10$92IXUNpkjO0rOQ5byMi.Ye4oKoEa3Ro9llC/.og/at2.uheWG/igi', 'zBzYQfQGCV', '2024-01-15 11:58:07', '2024-01-15 11:58:07'),
(4, 'Miss Arielle Rippin II', 'hubert.hand@example.net', '2024-01-15 11:58:07', '$2y$10$92IXUNpkjO0rOQ5byMi.Ye4oKoEa3Ro9llC/.og/at2.uheWG/igi', '8ilEIuDAE2', '2024-01-15 11:58:07', '2024-01-15 11:58:07'),
(5, 'Kennith Olson', 'ignatius11@example.net', '2024-01-15 11:58:07', '$2y$10$92IXUNpkjO0rOQ5byMi.Ye4oKoEa3Ro9llC/.og/at2.uheWG/igi', 'LehztG8nO8', '2024-01-15 11:58:07', '2024-01-15 11:58:07'),
(6, 'Patricia Predovic', 'denesik.rosalyn@example.org', '2024-01-15 11:58:07', '$2y$10$92IXUNpkjO0rOQ5byMi.Ye4oKoEa3Ro9llC/.og/at2.uheWG/igi', 'MwTlcyYb0g', '2024-01-15 11:58:07', '2024-01-15 11:58:07'),
(7, 'Lucas Turcotte', 'lourdes24@example.com', '2024-01-15 11:58:07', '$2y$10$92IXUNpkjO0rOQ5byMi.Ye4oKoEa3Ro9llC/.og/at2.uheWG/igi', 'mWAVuJcwD9', '2024-01-15 11:58:07', '2024-01-15 11:58:07'),
(8, 'Lonny Ferry', 'bridie.shields@example.com', '2024-01-15 11:58:07', '$2y$10$92IXUNpkjO0rOQ5byMi.Ye4oKoEa3Ro9llC/.og/at2.uheWG/igi', 'XYijQCbOwk', '2024-01-15 11:58:07', '2024-01-15 11:58:07'),
(9, 'Earnestine Gerhold', 'rsatterfield@example.com', '2024-01-15 11:58:07', '$2y$10$92IXUNpkjO0rOQ5byMi.Ye4oKoEa3Ro9llC/.og/at2.uheWG/igi', 'ZkcLaozKvp', '2024-01-15 11:58:07', '2024-01-15 11:58:07'),
(10, 'Wanda Schaden', 'marina53@example.org', '2024-01-15 11:58:07', '$2y$10$92IXUNpkjO0rOQ5byMi.Ye4oKoEa3Ro9llC/.og/at2.uheWG/igi', '0NxAfQjpkZ', '2024-01-15 11:58:07', '2024-01-15 11:58:07'),
(11, 'Geovany Runolfsdottir DDS', 'ferry.neha@example.com', '2024-01-15 11:58:07', '$2y$10$92IXUNpkjO0rOQ5byMi.Ye4oKoEa3Ro9llC/.og/at2.uheWG/igi', 'tCl3RxOu24', '2024-01-15 11:58:07', '2024-01-15 11:58:07'),
(12, 'pengguna', 'pengguna@test.com', NULL, '$2y$10$JQVYFB403bjzoofOgGWUwuX9fNpOir08PC1OQgZN8es7S5PCz2eYm', NULL, '2024-01-15 13:19:09', '2024-01-15 14:23:29');

-- --------------------------------------------------------

--
-- Table structure for table `variations`
--

CREATE TABLE `variations` (
  `id` bigint UNSIGNED NOT NULL,
  `product_id` bigint UNSIGNED NOT NULL,
  `picture` varchar(255) COLLATE utf8mb4_unicode_ci DEFAULT NULL,
  `attribute_1` varchar(255) COLLATE utf8mb4_unicode_ci DEFAULT NULL,
  `attribute_2` varchar(255) COLLATE utf8mb4_unicode_ci DEFAULT NULL,
  `price` bigint NOT NULL,
  `stock` int NOT NULL DEFAULT '1',
  `weight` bigint NOT NULL DEFAULT '200',
  `created_at` timestamp NULL DEFAULT NULL,
  `updated_at` timestamp NULL DEFAULT NULL
) ENGINE=InnoDB DEFAULT CHARSET=utf8mb4 COLLATE=utf8mb4_unicode_ci;

--
-- Dumping data for table `variations`
--

INSERT INTO `variations` (`id`, `product_id`, `picture`, `attribute_1`, `attribute_2`, `price`, `stock`, `weight`, `created_at`, `updated_at`) VALUES
(1, 1, NULL, 'Bvlgari Aqua', '35 ml', 15000, 87, 200, '2024-01-15 11:58:06', '2024-01-15 11:58:06'),
(12, 2, NULL, 'Victoria Secret', '35 ml', 15000, 80, 200, '2024-01-15 11:58:06', '2024-01-15 11:58:06'),
(42, 6, NULL, 'Jo Malone', '35 ml', 15000, 23, 200, '2024-01-15 12:11:00', '2024-01-15 12:11:00'),
(43, 7, NULL, 'Selena Gomez', '35 ml', 15000, 45, 200, '2024-01-15 12:12:09', '2024-01-15 12:12:09'),
(44, 8, NULL, 'Nagita Slavina', '35 ml', 15000, 23, 200, '2024-01-15 12:13:38', '2024-01-15 12:13:38'),
(45, 9, NULL, 'TALKME CRAZY RICH SERIES', '1 botol', 15000, 23, 200, '2024-01-15 12:15:36', '2024-01-15 12:15:36'),
(46, 9, NULL, 'TALKME CRAZY RICH SERIES', '1 box (isi 6 botol)', 15000, 24, 200, '2024-01-15 12:15:36', '2024-01-15 12:15:36'),
(47, 10, NULL, 'Zara Man', '35 ml', 15000, 23, 200, '2024-01-15 12:17:55', '2024-01-15 12:17:55'),
(48, 11, NULL, 'Miss Dior', '35 ml', 15000, 24, 200, '2024-01-15 12:19:40', '2024-01-15 12:19:40');

--
-- Indexes for dumped tables
--

--
-- Indexes for table `carts`
--
ALTER TABLE `carts`
  ADD PRIMARY KEY (`id`),
  ADD KEY `carts_user_id_foreign` (`user_id`),
  ADD KEY `variation_id` (`variation_id`);

--
-- Indexes for table `categories`
--
ALTER TABLE `categories`
  ADD PRIMARY KEY (`id`),
  ADD UNIQUE KEY `categories_slug_unique` (`slug`);

--
-- Indexes for table `cities`
--
ALTER TABLE `cities`
  ADD PRIMARY KEY (`id`),
  ADD KEY `cities_province_id_foreign` (`province_id`);

--
-- Indexes for table `couriers`
--
ALTER TABLE `couriers`
  ADD PRIMARY KEY (`id`),
  ADD UNIQUE KEY `couriers_code_unique` (`code`);

--
-- Indexes for table `migrations`
--
ALTER TABLE `migrations`
  ADD PRIMARY KEY (`id`);

--
-- Indexes for table `model_has_permissions`
--
ALTER TABLE `model_has_permissions`
  ADD PRIMARY KEY (`permission_id`,`model_id`,`model_type`),
  ADD KEY `model_has_permissions_model_id_model_type_index` (`model_id`,`model_type`);

--
-- Indexes for table `model_has_roles`
--
ALTER TABLE `model_has_roles`
  ADD PRIMARY KEY (`role_id`,`model_id`,`model_type`),
  ADD KEY `model_has_roles_model_id_model_type_index` (`model_id`,`model_type`);

--
-- Indexes for table `permissions`
--
ALTER TABLE `permissions`
  ADD PRIMARY KEY (`id`),
  ADD UNIQUE KEY `permissions_name_guard_name_unique` (`name`,`guard_name`);

--
-- Indexes for table `products`
--
ALTER TABLE `products`
  ADD PRIMARY KEY (`id`),
  ADD UNIQUE KEY `products_slug_unique` (`slug`);

--
-- Indexes for table `provinces`
--
ALTER TABLE `provinces`
  ADD PRIMARY KEY (`id`);

--
-- Indexes for table `roles`
--
ALTER TABLE `roles`
  ADD PRIMARY KEY (`id`);

--
-- Indexes for table `role_has_permissions`
--
ALTER TABLE `role_has_permissions`
  ADD PRIMARY KEY (`permission_id`,`role_id`),
  ADD KEY `role_has_permissions_role_id_foreign` (`role_id`);

--
-- Indexes for table `shipping_addresses`
--
ALTER TABLE `shipping_addresses`
  ADD PRIMARY KEY (`id`),
  ADD KEY `user_id` (`user_id`);

--
-- Indexes for table `transactions`
--
ALTER TABLE `transactions`
  ADD PRIMARY KEY (`id`),
  ADD KEY `transactions_customer_id_foreign` (`customer_id`);

--
-- Indexes for table `transaction_details`
--
ALTER TABLE `transaction_details`
  ADD PRIMARY KEY (`id`),
  ADD KEY `transaction_details_transaction_id_foreign` (`transaction_id`),
  ADD KEY `transaction_details_variation_id_foreign` (`variation_id`);

--
-- Indexes for table `users`
--
ALTER TABLE `users`
  ADD PRIMARY KEY (`id`),
  ADD UNIQUE KEY `users_email_unique` (`email`);

--
-- Indexes for table `variations`
--
ALTER TABLE `variations`
  ADD PRIMARY KEY (`id`),
  ADD KEY `variations_product_id_foreign` (`product_id`);

--
-- AUTO_INCREMENT for dumped tables
--

--
-- AUTO_INCREMENT for table `carts`
--
ALTER TABLE `carts`
  MODIFY `id` bigint UNSIGNED NOT NULL AUTO_INCREMENT, AUTO_INCREMENT=6;

--
-- AUTO_INCREMENT for table `categories`
--
ALTER TABLE `categories`
  MODIFY `id` bigint UNSIGNED NOT NULL AUTO_INCREMENT, AUTO_INCREMENT=10;

--
-- AUTO_INCREMENT for table `cities`
--
ALTER TABLE `cities`
  MODIFY `id` bigint UNSIGNED NOT NULL AUTO_INCREMENT, AUTO_INCREMENT=502;

--
-- AUTO_INCREMENT for table `couriers`
--
ALTER TABLE `couriers`
  MODIFY `id` bigint UNSIGNED NOT NULL AUTO_INCREMENT, AUTO_INCREMENT=8;

--
-- AUTO_INCREMENT for table `migrations`
--
ALTER TABLE `migrations`
  MODIFY `id` int UNSIGNED NOT NULL AUTO_INCREMENT, AUTO_INCREMENT=18;

--
-- AUTO_INCREMENT for table `permissions`
--
ALTER TABLE `permissions`
  MODIFY `id` bigint UNSIGNED NOT NULL AUTO_INCREMENT;

--
-- AUTO_INCREMENT for table `products`
--
ALTER TABLE `products`
  MODIFY `id` bigint UNSIGNED NOT NULL AUTO_INCREMENT, AUTO_INCREMENT=14;

--
-- AUTO_INCREMENT for table `provinces`
--
ALTER TABLE `provinces`
  MODIFY `id` bigint UNSIGNED NOT NULL AUTO_INCREMENT, AUTO_INCREMENT=35;

--
-- AUTO_INCREMENT for table `roles`
--
ALTER TABLE `roles`
  MODIFY `id` bigint UNSIGNED NOT NULL AUTO_INCREMENT, AUTO_INCREMENT=2;

--
-- AUTO_INCREMENT for table `shipping_addresses`
--
ALTER TABLE `shipping_addresses`
  MODIFY `id` bigint UNSIGNED NOT NULL AUTO_INCREMENT, AUTO_INCREMENT=3;

--
-- AUTO_INCREMENT for table `transactions`
--
ALTER TABLE `transactions`
  MODIFY `id` bigint UNSIGNED NOT NULL AUTO_INCREMENT, AUTO_INCREMENT=4;

--
-- AUTO_INCREMENT for table `transaction_details`
--
ALTER TABLE `transaction_details`
  MODIFY `id` bigint UNSIGNED NOT NULL AUTO_INCREMENT, AUTO_INCREMENT=5;

--
-- AUTO_INCREMENT for table `users`
--
ALTER TABLE `users`
  MODIFY `id` bigint UNSIGNED NOT NULL AUTO_INCREMENT, AUTO_INCREMENT=14;

--
-- AUTO_INCREMENT for table `variations`
--
ALTER TABLE `variations`
  MODIFY `id` bigint UNSIGNED NOT NULL AUTO_INCREMENT, AUTO_INCREMENT=51;

--
-- Constraints for dumped tables
--

--
-- Constraints for table `carts`
--
ALTER TABLE `carts`
  ADD CONSTRAINT `carts_ibfk_1` FOREIGN KEY (`variation_id`) REFERENCES `variations` (`id`) ON DELETE RESTRICT ON UPDATE RESTRICT,
  ADD CONSTRAINT `carts_user_id_foreign` FOREIGN KEY (`user_id`) REFERENCES `users` (`id`) ON DELETE CASCADE;

--
-- Constraints for table `cities`
--
ALTER TABLE `cities`
  ADD CONSTRAINT `cities_province_id_foreign` FOREIGN KEY (`province_id`) REFERENCES `provinces` (`id`) ON DELETE CASCADE;

--
-- Constraints for table `model_has_permissions`
--
ALTER TABLE `model_has_permissions`
  ADD CONSTRAINT `model_has_permissions_permission_id_foreign` FOREIGN KEY (`permission_id`) REFERENCES `permissions` (`id`) ON DELETE CASCADE;

--
-- Constraints for table `model_has_roles`
--
ALTER TABLE `model_has_roles`
  ADD CONSTRAINT `model_has_roles_role_id_foreign` FOREIGN KEY (`role_id`) REFERENCES `roles` (`id`) ON DELETE CASCADE;

--
-- Constraints for table `role_has_permissions`
--
ALTER TABLE `role_has_permissions`
  ADD CONSTRAINT `role_has_permissions_permission_id_foreign` FOREIGN KEY (`permission_id`) REFERENCES `permissions` (`id`) ON DELETE CASCADE,
  ADD CONSTRAINT `role_has_permissions_role_id_foreign` FOREIGN KEY (`role_id`) REFERENCES `roles` (`id`) ON DELETE CASCADE;

--
-- Constraints for table `shipping_addresses`
--
ALTER TABLE `shipping_addresses`
  ADD CONSTRAINT `shipping_addresses_ibfk_1` FOREIGN KEY (`user_id`) REFERENCES `users` (`id`) ON DELETE RESTRICT ON UPDATE RESTRICT;

--
-- Constraints for table `transactions`
--
ALTER TABLE `transactions`
  ADD CONSTRAINT `transactions_customer_id_foreign` FOREIGN KEY (`customer_id`) REFERENCES `users` (`id`) ON DELETE CASCADE;

--
-- Constraints for table `transaction_details`
--
ALTER TABLE `transaction_details`
  ADD CONSTRAINT `transaction_details_transaction_id_foreign` FOREIGN KEY (`transaction_id`) REFERENCES `transactions` (`id`) ON DELETE CASCADE,
  ADD CONSTRAINT `transaction_details_variation_id_foreign` FOREIGN KEY (`variation_id`) REFERENCES `variations` (`id`) ON DELETE CASCADE;

--
-- Constraints for table `variations`
--
ALTER TABLE `variations`
  ADD CONSTRAINT `variations_product_id_foreign` FOREIGN KEY (`product_id`) REFERENCES `products` (`id`) ON DELETE CASCADE;
COMMIT;

/*!40101 SET CHARACTER_SET_CLIENT=@OLD_CHARACTER_SET_CLIENT */;
/*!40101 SET CHARACTER_SET_RESULTS=@OLD_CHARACTER_SET_RESULTS */;
/*!40101 SET COLLATION_CONNECTION=@OLD_COLLATION_CONNECTION */;
